<?xml version="1.0" encoding="UTF-8"?>
<!--
  Licensed to the Apache Software Foundation (ASF) under one
  or more contributor license agreements. See the NOTICE file
  distributed with this work for additional information
  regarding copyright ownership. The ASF licenses this file
  to you under the Apache License, Version 2.0 (the
  "License"); you may not use this file except in compliance
  with the License. You may obtain a copy of the License at
  
  http://www.apache.org/licenses/LICENSE-2.0
  
  Unless required by applicable law or agreed to in writing,
  software distributed under the License is distributed on an
  "AS IS" BASIS, WITHOUT WARRANTIES OR CONDITIONS OF ANY
  KIND, either express or implied. See the License for the
  specific language governing permissions and limitations
  under the License.
-->
<!-- 
  ** This file configures the web service client
-->
<beans xmlns="http://www.springframework.org/schema/beans" xmlns:cxf="http://cxf.apache.org/core" xmlns:xsi="http://www.w3.org/2001/XMLSchema-instance" xmlns:sec="http://cxf.apache.org/configuration/security" xmlns:http="http://cxf.apache.org/transports/http/configuration" xmlns:jaxws="http://cxf.apache.org/jaxws" xsi:schemaLocation="            http://cxf.apache.org/core            http://cxf.apache.org/schemas/core.xsd            http://cxf.apache.org/configuration/security            http://cxf.apache.org/schemas/configuration/security.xsd            http://cxf.apache.org/jaxws            http://cxf.apache.org/schemas/jaxws.xsd            http://cxf.apache.org/transports/http/configuration            http://cxf.apache.org/schemas/configuration/http-conf.xsd            http://www.springframework.org/schema/beans            http://www.springframework.org/schema/beans/spring-beans-4.2.xsd">
    <cxf:bus>
        <cxf:features>
            <cxf:logging/>
        </cxf:features>
    </cxf:bus>
    <http:conduit name="{http://apache.org/hello_world_soap_http}SoapPort.http-conduit">
        <http:tlsClientParameters>
            <sec:keyManagers keyPassword="ckpass">
                <sec:keyStore file="src/main/config/clientKeystore.jks" password="cspass" type="JKS"/>
            </sec:keyManagers>
            <sec:trustManagers>
                <sec:keyStore file="src/main/config/clientKeystore.jks" password="cspass" type="JKS"/>
            </sec:trustManagers>
        </http:tlsClientParameters>
    </http:conduit>
    <jaxws:client name="{http://apache.org/hello_world_soap_http}SoapPort" createdFromAPI="true">
        <jaxws:properties>
            <entry key="security.username" value="Alice"/>
            <entry key="security.callback-handler" value="demo.wssec.client.UTPasswordCallback"/>
            <entry key="ws-security.enable.streaming" value="true"/>
        </jaxws:properties>
    </jaxws:client>
</beans>
